,t,x_earth,y_earth,x_moon,y_moon,x_geo,y_geo
0,0.0,150000000.0,0.0,150380000.0,0.0,150036000.0,0.0
1,2.0054945054945055,149977653.6061274,2589096.1358082746,150347578.66462636,2676018.2336577284,150013648.24299288,2589717.518880869
2,4.010989010989011,149910621.08266056,5177420.845456219,150250855.550584,5346655.909307853,149946599.6317204,5178663.426459129
3,6.016483516483516,149798922.4020684,7764202.932631406,150091425.00383225,8006777.10265242,149834874.1434449,7766066.341335237
4,8.021978021978022,149642590.84518716,10348671.660648739,149871851.33551943,10651722.196983196,149678505.06699,10351155.341847295
5,10.027472527472527,149441672.99130398,12930056.982092908,149595534.60163313,13277514.324606955,149477538.9928219,12933160.19576861
6,12.032967032967033,149196228.70427892,15507589.768255522,149266532.76764005,15881029.641160002,149232035.79916793,15511311.589799903
7,14.038461538461538,148906331.1147081,18080502.038298458,148889349.68728203,18460122.415942457,148942068.63417563,18084841.35878765
8,16.043956043956044,148572066.5981345,20648027.18807523,148468700.13722605,21013698.317314696,148607723.89411804,20652982.714600366
9,18.049450549450547,148193534.74931195,23209400.218542185,148009264.36569393,23541732.01918916,148229101.1976518,23214970.474594634
10,20.054945054945055,147770848.35253108,25763857.963691402,147515445.16902095,26045228.20705927,147806313.3561357,25770041.28960269
11,22.060439560439562,147304133.34801456,28310639.317937497,146991140.3758389,28526128.06327853,147339486.3400181,28317433.871373802
12,24.065934065934066,146793528.7943933,30848985.462890483,146439542.80136743,30987166.20229181,146828759.24130395,30856389.219401576
13,26.07142857142857,146239186.82727355,33378140.093447156,145862978.27746025,33431685.65392961,146274284.23211208,33386150.847069584
14,28.076923076923077,145641272.6139078,35897349.64313366,145262790.34484163,35863420.717384085,145676226.51933515,35905965.00704802
15,30.082417582417584,144999964.3039829,38405863.508632064,144639277.71945348,38286259.21213529,145034764.29541588,38415080.91587414
16,32.08791208791209,144315452.9765401,40902934.27342407,143991687.84622815,40703996.74455105,144350088.68525445,40912750.97764969
17,34.09340659340659,143587942.58304238,43387817.93048514,143318266.87930572,43120096.032213554,143622403.6892623,43398231.006788455
18,36.098901098901095,142817649.8866071,45859774.10396293,142616363.43544257,45537464.059785604,142851926.1225799,45870780.449747875
19,38.104395604395606,142004804.39742088,48318066.26977359,141882580.61577815,47958258.89463941,142038885.55047625,48329662.605678335
20,40.10989010989011,141149648.30435646,50761961.97505056,141112968.2314465,50383736.41767597,141183524.2199495,50774144.84592457
21,42.11538461538461,140252436.4028122,53190733.05638033,140303245.03647092,52814145.10815876,140286096.9875489,53203498.832313865
22,44.120879120879124,139313436.01879534,55603655.85676013,139449039.18001297,55248674.47320912,139346871.24343985,55617000.73416575
23,46.12637362637363,138332926.92927155,58000011.441212825,138546134.12375003,57685459.86798101,138366126.83173457,58013931.443958715
24,48.13186813186813,137311201.27880496,60379085.810995124,137590706.9801655,60121643.46228973,137344155.9671119,60393576.79158976
25,50.137362637362635,136248563.4925131,62740170.11633476,136579546.62922716,62553488.13217211,136281263.1477513,62755227.757162675
26,52.14285714285714,135145330.18536288,65082560.86763371,135510240.04300824,64976538.24838084,135177765.06460735,65098180.68224194
27,54.14835164835165,134001830.06783447,67405560.14507419,134381316.93341672,67385818.84697722,134033990.50705075,67421737.47950901
28,56.15384615384615,132818403.84798148,69708475.80656527,133192345.04796822,69776062.63185306,132850280.264905,69725205.84075885
29,58.15934065934066,131595404.1299163,71990621.69396794,131943971.05528277,72141952.78310882,131626987.02690747,72007899.4431745
30,60.16483516483517,130333195.30875099,74251317.8375372,130637904.84695895,74478368.70700282,130364475.27562508,74269138.1538182
31,62.17032967032967,129032153.4620251,76489890.65852039,129276848.08269425,76780621.7071127,129063121.17885599,76508248.23227844
32,64.17582417582418,127692666.23765269,78705673.1698512,127864370.76189426,79044668.0906907,127723312.47754973,78724562.53141196
33,66.18131868131869,126315132.73842177,80898005.17487988,126404742.36077681,81267288.42061597,126345448.37027898,80917420.69612186
34,68.18681318681318,124899963.40308097,83066233.46407995,124902726.48300655,83446223.4184068,124929939.3942977,83086169.36011133
35,70.1923076923077,123447579.88404848,85209712.00967336,123363349.90644664,85580259.32227081,123477207.30322064,85230162.34055568
36,72.19780219780219,121958414.92177989,87327802.1581156,121791658.26610836,87669258.18425843,121987684.94136111,87348760.83063354
37,74.2032967032967,120432912.21583238,89419872.82038379,120192471.32183225,89714131.51013215,120461816.11476418,89441333.58986068
38,76.20879120879121,118871526.29266357,91485300.66001092,118570150.78107965,91716758.64975749,118900055.45897381,91507257.13216932
39,78.21428571428571,117274722.3702045,93523470.27881001,116928392.98129496,93679854.27536191,117302868.30357334,93545915.91167693
40,80.21978021978022,115642976.21924695,95533774.40023336,115270057.41792423,95606791.98455395,115670730.53353958,95556702.50608942
41,82.22527472527473,113976774.02168682,97515614.05031164,113597040.203256,97501393.39139788,114004128.44745202,97539017.79768372
42,84.23076923076923,112276612.22566518,99468398.73611926,111910199.15858237,99367693.89874305,112303558.61259934,99492271.15181592
43,86.23626373626374,110542997.39765051,101391546.62171315,110209334.50410561,101209697.5813768,110569527.71702595,101415880.59290236
44,88.24175824175825,108776446.07150649,103284484.70149155,108493226.16272865,103031134.1868446,108802552.41856365,103309272.9778199
45,90.24725274725274,106977484.59458946,105146648.9709224,106759725.69169904,104835231.14835605,107003159.19089216,105171884.16667542
46,92.25274725274726,105146648.97092243,106977484.59458943,105005897.95922446,106624512.70802337,105171884.16667545,107003159.19089213
47,94.25824175824175,103284484.70149156,108776446.07150647,103228205.04524432,108400636.81098634,103309272.97781992,108802552.41856363
48,96.26373626373626,101391546.62171316,110542997.3976505,101422722.60641342,110164278.42799361,101415880.59290238,110569527.71702594
49,98.26923076923077,99468398.7361193,112276612.22566517,99585377.22375605,111915065.50194855,99492271.15181597,112303558.61259933
50,100.27472527472527,97515614.05031165,113976774.0216868,97712192.1386753,113651570.92333858,97539017.79768373,114004128.44745201
51,102.28021978021978,95533774.4002334,115642976.21924694,95799528.33805737,115371360.9683293,95556702.50608946,115670730.53353956
52,104.28571428571428,93523470.27881004,117274722.37020445,93844308.19568773,117071097.63915838,93545915.91167696,117302868.3035733
53,106.29120879120879,91485300.66001093,118871526.29266356,91844209.8020273,118746689.48808622,91507257.13216934,118900055.4589738
54,108.2967032967033,89419872.82038382,120432912.21583237,89797821.6685388,120393482.93510951,89441333.58986071,120461816.11476417
55,110.3021978021978,87327802.15811563,121958414.92177986,87704749.59380107,122006483.9422626,87348760.83063358,121987684.94136108
56,112.3076923076923,85209712.00967339,123447579.88404845,85565670.01518664,123580598.29747692,85230162.34055571,123477207.30322061
57,114.31318681318682,83066233.46407998,124899963.40308096,83382327.00740853,125110877.7740138,83086169.36011136,124929939.39429769
58,116.31868131868131,80898005.1748799,126315132.73842175,81157473.07729799,126592759.11975962,80917420.69612187,126345448.37027897
59,118.32417582417582,78705673.16985121,127692666.23765267,78894756.88431536,128022283.2107054,78724562.53141198,127723312.47754972
60,120.32967032967034,76489890.6585204,129032153.46202509,76598563.8304936,129396282.75457554,76508248.23227845,129063121.17885597
61,122.33516483516483,74251317.83753721,130333195.30875097,74273817.96254387,130712528.59805562,74269138.15381822,130364475.27562506
62,124.34065934065934,71990621.69396797,131595404.1299163,71925755.68020172,131969826.88597965,72007899.44317453,131626987.02690747
63,126.34615384615384,69708475.8065653,132818403.84798148,69559683.23978458,133168061.92678249,69725205.84075888,132850280.26490499
64,128.35164835164835,67405560.1450742,134001830.06783445,67180730.90110064,134308182.4973242,67421737.47950903,134033990.50705074
65,130.35714285714286,65082560.86763372,135145330.18536288,64793616.74373445,135392132.31919497,65098180.682241954,135177765.06460735
66,132.36263736263737,62740170.11633478,136248563.4925131,62402432.66590643,136422728.39878917,62755227.7571627,136281263.1477513
67,134.36813186813185,60379085.81099516,137311201.27880496,60010463.90275236,137403493.68782887,60393576.791589804,137344155.96711186
68,136.37362637362637,58000011.44121286,138332926.92927155,57620051.62337431,138338452.94303325,58013931.44395876,138366126.83173457
69,138.37912087912088,55603655.85676015,139313436.01879534,55232505.88162834,139231902.61484542,55617000.73416577,139346871.24343985
70,140.3846153846154,53190733.05638037,140252436.4028122,52848073.52546883,140088166.9720727,53203498.8323139,140286096.9875489
71,142.3901098901099,50761961.97505059,141149648.30435646,50465962.75535254,140911353.3989595,50774144.8459246,141183524.2199495
72,144.39560439560438,48318066.26977361,142004804.39742088,48084423.01825123,141705119.84490266,48329662.60567836,142038885.55047625
73,146.4010989010989,45859774.10396295,142817649.8866071,45700875.989517316,142472466.76241702,45870780.449747905,142851926.1225799
74,148.4065934065934,43387817.93048517,143587942.58304235,43312090.685788214,143215564.57025078,43398231.006788485,143622403.68926227
75,150.4120879120879,40902934.27342408,144315452.97654006,40914393.41195137,143935625.79459515,40912750.9776497,144350088.68525442
76,152.41758241758242,38405863.50863208,144999964.3039829,38503901.39801353,144632828.67203522,38415080.91587415,145034764.29541588
77,154.42307692307693,35897349.64313367,145641272.6139078,36076767.72547242,145306296.26887748,35905965.00704802,145676226.51933515
78,156.42857142857142,33378140.0934472,146239186.82727352,33629424.5440917,145954132.2274785,33386150.84706963,146274284.23211205
79,158.43406593406593,30848985.46289053,146793528.79439327,31158811.670575693,146573511.24729434,30856389.219401624,146828759.24130392
80,160.43956043956044,28310639.31793754,147304133.34801453,28662578.43572694,147160819.50580233,28317433.871373847,147339486.34001806
81,162.44505494505495,25763857.963691406,147770848.35253108,26139248.06514472,147711837.57613498,25770041.289602693,147806313.3561357
82,164.45054945054946,23209400.218542185,148193534.74931195,23588335.86517407,148221956.14462736,23214970.474594634,148229101.19765177
83,166.45604395604394,20648027.18807526,148572066.5981345,21010414.935293715,148686413.09202883,20652982.7146004,148607723.89411804
84,168.46153846153845,18080502.038298484,148906331.1147081,18407125.910556544,149100539.3690928,18084841.358787674,148942068.63417563
85,170.46703296703296,15507589.768255547,149196228.70427892,15781130.205522437,149460000.63072264,15511311.589799928,149232035.79916793
86,172.47252747252747,12930056.982092932,149441672.99130398,13136009.22698109,149761021.81755129,12933160.195768634,149477538.9928219
87,174.47802197802199,10348671.660648758,149642590.84518716,10476114.887793668,150000582.7778545,10351155.341847314,149678505.06699
88,176.4835164835165,7764202.932631424,149798922.4020684,7806379.336463662,150176574.55810592,7766066.341335255,149834874.1434449
89,178.48901098901098,5177420.845456266,149910621.08266056,5132093.97965302,150287908.07585865,5178663.426459179,149946599.6317204
90,180.4945054945055,2589096.1358083193,149977653.6061274,2458669.503113766,150334569.41340408,2589717.5188809168,150013648.24299288
91,182.5,9.184850993605149e-09,150000000.0,-208610.39593018338,150317618.80093887,8.390722785184735e-09,150036000.0
92,184.5054945054945,-2589096.1358082676,149977653.6061274,-2864828.5184714263,150239133.34368062,-2589717.5188808627,150013648.24299288
93,186.51098901098902,-5177420.845456215,149910621.08266056,-5505654.22735088,150102096.53019884,-5178663.426459125,149946599.6317204
94,188.5164835164835,-7764202.9326313725,149798922.40206844,-8127532.407856066,149910240.38099793,-7766066.341335201,149834874.14344493
95,190.52197802197801,-10348671.660648705,149642590.84518716,-10727831.31757976,149667848.6074777,-10351155.341847258,149678505.06699
96,192.52747252747253,-12930056.98209288,149441672.99130398,-13304941.497766402,149379531.2186528,-12933160.19576858,149477538.9928219
97,194.53296703296704,-15507589.768255496,149196228.70427892,-15858320.513381692,149049982.52681357,-15511311.589799875,149232035.79916793
98,196.53846153846155,-18080502.03829843,148906331.1147081,-18388481.16161537,148683735.38339025,-18084841.358787626,148942068.63417563
99,198.54395604395603,-20648027.188075177,148572066.5981345,-20896923.786156736,148284924.67597154,-20652982.714600313,148607723.89411804
100,200.54945054945054,-23209400.218542133,148193534.74931198,-23386016.29841209,147857072.62613708,-23214970.474594582,148229101.19765183
101,202.55494505494505,-25763857.963691387,147770848.35253108,-25858828.279703237,147402907.2715458,-25770041.28960267,147806313.3561357
102,204.56043956043956,-28310639.317937486,147304133.34801456,-28318927.973364092,146924223.7558861,-28317433.871373788,147339486.3400181
103,206.56593406593407,-30848985.462890476,146793528.7943933,-30770152.94342371,146421795.78015524,-30856389.21940157,146828759.24130395
104,208.57142857142856,-33378140.09344712,146239186.82727355,-33216366.572887022,145895341.90867564,-33386150.847069547,146274284.23211208
105,210.57692307692307,-35897349.643133625,145641272.6139078,-35661213.32545947,145343548.51432014,-35905965.00704797,145676226.51933515
106,212.58241758241758,-38405863.508632034,144999964.30398294,-38107885.76009036,144764148.14386234,-38415080.9158741,145034764.2954159
107,214.5879120879121,-40902934.27342403,144315452.9765401,-40558915.6644631,144154049.1454561,-40912750.97764965,144350088.68525445
108,216.5934065934066,-43387817.930485114,143587942.58304238,-43016000.39458154,143509509.6818172,-43398231.00678843,143622403.6892623
109,218.5989010989011,-45859774.103962936,142817649.8866071,-45479873.640713006,142826346.89888078,-45870780.44974788,142851926.1225799
110,220.6043956043956,-48318066.269773565,142004804.39742088,-47950227.484142885,142100170.15535185,-48329662.60567831,142038885.55047625
111,222.6098901098901,-50761961.975050546,141149648.30435646,-50425689.88939199,141326625.94251123,-50774144.845924556,141183524.2199495
112,224.6153846153846,-53190733.05638032,140252436.4028122,-52903858.83696466,140501641.50355187,-53203498.83231385,140286096.9875489
113,226.62087912087912,-55603655.85676011,139313436.01879534,-55381391.29821247,139621654.23047924,-55617000.73416573,139346871.24343985
114,228.62637362637363,-58000011.44121281,138332926.92927155,-57854142.345770694,138683814.67057195,-58013931.4439587,138366126.83173457
115,230.63186813186812,-60379085.81099509,137311201.278805,-60317347.034465805,137686152.3735796,-60393576.79158972,137344155.96711192
116,232.63736263736263,-62740170.11633474,136248563.49251312,-62765835.41957029,136627695.78104818,-62755227.75716265,136281263.14775133
117,234.64285714285714,-65082560.86763371,135145330.18536288,-65194269.32206196,135508539.79593128,-65098180.68224194,135177765.06460735
118,236.64835164835165,-67405560.14507416,134001830.06783448,-67597388.29730807,134329857.44475678,-67421737.47950898,134033990.50705077
119,238.65384615384616,-69708475.80656527,132818403.84798148,-69970251.77548899,133093855.00897749,-69725205.84075885,132850280.26490499
120,240.65934065934067,-71990621.69396792,131595404.12991631,-72308464.5449852,131803672.9995469,-72007899.44317448,131626987.02690749
121,242.66483516483515,-74251317.83753715,130333195.30875102,-74608373.63311891,130463238.22028978,-74269138.15381816,130364475.27562512
122,244.67032967032966,-76489890.65852036,129032153.4620251,-76867226.15522923,129077074.75901742,-76508248.23227839,129063121.178856
123,246.67582417582418,-78705673.16985115,127692666.23765272,-79083279.7726576,127650083.92304938,-78724562.53141192,127723312.47754976
124,248.6813186813187,-80898005.17487986,126315132.73842178,-81255859.91308028,126187304.78237335,-80917420.69612184,126345448.370279
125,250.6868131868132,-83066233.46407998,124899963.40308096,-83385360.72949938,124693668.01179475,-83086169.36011136,124929939.39429769
126,252.69230769230768,-85209712.00967336,123447579.88404848,-85473189.75741445,123173756.07857262,-85230162.34055568,123477207.30322064
127,254.6978021978022,-87327802.15811557,121958414.92177992,-87521659.21504506,121631582.48538683,-87348760.8306335,121987684.94136114
128,256.7032967032967,-89419872.82038379,120432912.21583238,-89533829.72066943,120070401.76787634,-89441333.58986068,120461816.11476418
129,258.7087912087912,-91485300.66001089,118871526.29266359,-91513314.72415784,118492560.31502183,-91507257.13216929,118900055.45897382
130,260.7142857142857,-93523470.27881002,117274722.3702045,-93464056.0328315,116899395.91580139,-93545915.91167694,117302868.30357334
131,262.7197802197802,-95533774.40023334,115642976.21924697,-95390082.344406,115291191.35161889,-95556702.5060894,115670730.5335396
132,264.72527472527474,-97515614.05031164,113976774.02168682,-97295263.60072298,113667184.48800379,-97539017.79768372,114004128.44745202
133,266.7307692307692,-99468398.73611924,112276612.2256652,-99183074.19744998,112025634.32298614,-99492271.1518159,112303558.61259936
134,268.7362637362637,-101391546.6217131,110542997.39765057,-101056377.61520487,110363939.48222575,-101415880.5929023,110569527.71702601
135,270.74175824175825,-103284484.70149153,108776446.0715065,-102917243.90153135,108678802.86977383,-103309272.97781989,108802552.41856366
136,272.74725274725273,-105146648.97092237,106977484.59458947,-104766809.69107023,106966433.73573545,-105171884.16667539,107003159.19089217
137,274.75274725274727,-106977484.59458941,105146648.97092244,-106605188.1954996,105222776.43787594,-107003159.19089212,105171884.16667546
138,276.75824175824175,-108776446.07150643,103284484.70149161,-108431433.94497831,103443753.75858855,-108802552.41856359,103309272.97781996
139,278.76373626373623,-110542997.39765045,101391546.62171322,-110243564.15943101,101625511.8666737,-110569527.71702588,101415880.59290244
140,280.7692307692308,-112276612.22566512,99468398.73611933,-112038635.62500978,99764653.92601569,-112303558.61259928,99492271.151816
141,282.77472527472526,-113976774.02168678,97515614.0503117,-113812873.00770196,97858449.955104,-114004128.44745198,97539017.79768378
142,284.7802197802198,-115642976.21924691,95533774.40023343,-115561841.80839504,95905011.80052565,-115670730.53353953,95556702.5060895
143,286.7857142857143,-117274722.37020446,93523470.27881004,-117280656.79639636,93903423.9372814,-117302868.30357331,93545915.91167696
144,288.79120879120876,-118871526.29266354,91485300.66001095,-118964214.87696907,91853823.15096562,-118900055.45897378,91507257.13216935
145,290.7967032967033,-120432912.21583237,89419872.8203838,-120607440.05264789,89757422.867305,-120461816.11476417,89441333.5898607
146,292.8021978021978,-121958414.92177984,87327802.15811564,-122205527.49665155,87616480.82954857,-121987684.94136107,87348760.8306336
147,294.8076923076923,-123447579.88404845,85209712.00967337,-123754173.80362892,85434211.82810599,-123477207.30322061,85230162.3405557
148,296.8131868131868,-124899963.40308094,83066233.46407999,-125249781.21576835,83214650.10036649,-124929939.39429767,83086169.36011137
149,298.81868131868134,-126315132.73842177,80898005.17487988,-126689625.00211689,80962468.687292,-126345448.37027898,80917420.69612186
150,300.8241758241758,-127692666.23765267,78705673.16985121,-128071975.1226222,78682765.31567049,-127723312.47754972,78724562.53141198
151,302.8296703296703,-129032153.46202506,76489890.65852043,-129396165.73233798,76380826.14980365,-129063121.17885594,76508248.23227848
152,304.83516483516485,-130333195.30875097,74251317.83753723,-130662608.84688586,74061879.92978524,-130364475.27562508,74269138.15381823
153,306.84065934065933,-131595404.12991628,71990621.693968,-131872751.45099755,71730855.52317387,-131626987.02690746,72007899.44317456
154,308.84615384615387,-132818403.84798147,69708475.8065653,-133028978.33077033,69392155.73575379,-132850280.26490499,69725205.84075888
155,310.85164835164835,-134001830.06783444,67405560.14507425,-134134465.78814293,67049459.364819214,-134033990.50705072,67421737.47950907
156,312.85714285714283,-135145330.18536285,65082560.86763379,-135192994.00043806,64705561.98072234,-135177765.06460732,65098180.68224202
157,314.8626373626374,-136248563.49251306,62740170.11633482,-136208727.98052025,62362263.8687227,-136281263.14775127,62755227.75716274
158,316.86813186813185,-137311201.2788049,60379085.810995206,-137185978.75791767,60020311.06235387,-137344155.9671118,60393576.79158985
159,318.8736263736264,-138332926.92927155,58000011.44121287,-138128957.4498718,57679392.5841982,-138366126.83173457,58013931.44395876
160,320.8791208791209,-139313436.0187953,55603655.85676019,-139041535.2681091,55338194.02941721,-139346871.24343982,55617000.73416581
161,322.88461538461536,-140252436.40281218,53190733.05638044,-139927022.19219348,52994504.63966306,-140286096.98754886,53203498.83231398
162,324.8901098901099,-141149648.30435646,50761961.97505057,-140787976.0503084,50645372.17853391,-141183524.2199495,50774144.84592458
163,326.8956043956044,-142004804.39742088,48318066.269773625,-141626052.13574392,48287297.38492887,-142038885.55047625,48329662.60567837
164,328.9010989010989,-142817649.8866071,45859774.103962936,-142441901.3377212,45916457.681920946,-142851926.1225799,45870780.44974789
165,330.9065934065934,-143587942.58304235,43387817.930485174,-143235122.1924692,43528948.26739333,-143622403.68926227,43398231.00678849
166,332.9120879120879,-144315452.97654006,40902934.27342412,-144004269.4010976,41121027.79092256,-144350088.68525442,40912750.97764974
167,334.9175824175824,-144999964.3039829,38405863.50863209,-144746918.366401,38689355.57813895,-145034764.29541588,38415080.91587417
168,336.9230769230769,-145641272.61390778,35897349.643133715,-145459782.33007172,36231207.81193165,-145676226.51933512,35905965.00704807
169,338.92857142857144,-146239186.82727355,33378140.093447175,-146138875.90240788,33744661.19563994,-146274284.23211208,33386150.8470696
170,340.9340659340659,-146793528.79439327,30848985.462890536,-146779716.31639242,31228734.347617634,-146828759.24130392,30856389.219401628
171,342.9395604395604,-147304133.34801453,28310639.317937583,-147377551.7374461,28683479.41783736,-147339486.34001806,28317433.87137389
172,344.94505494505495,-147770848.35253108,25763857.963691447,-147927604.52529702,26110019.056681078,-147806313.3561357,25770041.289602734
173,346.95054945054943,-148193534.74931195,23209400.21854226,-148425316.55135676,23510526.763770107,-148229101.19765177,23214970.474594712
174,348.95604395604397,-148572066.5981345,20648027.188075267,-148866583.56579182,20888151.646975096,-148607723.89411804,20652982.714600403
175,350.96153846153845,-148906331.1147081,18080502.038298525,-149247966.18892416,18246891.56941567,-148942068.63417563,18084841.35878772
176,352.967032967033,-149196228.7042789,15507589.768255558,-149566866.3409093,15591421.398998471,-149232035.7991679,15511311.589799939
177,354.9725274725275,-149441672.99130398,12930056.982092973,-149821659.75610065,12926885.455747591,-149477538.9928219,12933160.195768679
178,356.97802197802196,-149642590.84518713,10348671.660648832,-150011777.55695793,10258665.150596201,-149678505.06698996,10351155.341847396
179,358.9835164835165,-149798922.4020684,7764202.932631466,-150137732.5633183,7592134.124784712,-149834874.1434449,7766066.3413353
180,360.989010989011,-149910621.08266056,5177420.845456309,-150201088.94310245,4932413.861779706,-149946599.6317204,5178663.426459225
181,362.9945054945055,-149977653.6061274,2589096.135808262,-150204376.81469873,2284142.7185538653,-150013648.24299288,2589717.5188808586
182,365.0,-150000000.0,1.8369701987210298e-08,-150150956.33005184,-348729.3885196216,-150036000.0,1.678144557036947e-08
183,367.0054945054945,-149977653.6061274,-2589096.1358082253,-150044838.44610986,-2963109.7682824098,-150013648.24299288,-2589717.518880817
184,369.010989010989,-149910621.08266056,-5177420.845456205,-149890471.88871792,-5556886.272054547,-149946599.6317204,-5178663.426459117
185,371.0164835164835,-149798922.40206844,-7764202.932631362,-149692507.6055179,-8128998.616645177,-149834874.14344493,-7766066.341335191
186,373.02197802197804,-149642590.84518716,-10348671.66064873,-149455553.19787133,-10679453.943255516,-149678505.06699,-10351155.341847287
187,375.0274725274725,-149441672.99130398,-12930056.98209287,-149183930.35298705,-13209285.799361847,-149477538.9928219,-12933160.19576857
188,377.032967032967,-149196228.70427892,-15507589.768255454,-148881448.13813654,-15720458.730716133,-149232035.79916793,-15511311.589799829
189,379.03846153846155,-148906331.1147081,-18080502.038298424,-148551204.1775274,-18215723.554665644,-148942068.63417563,-18084841.358787615
190,381.04395604395603,-148572066.5981345,-20648027.18807517,-148195424.253692,-20698431.001153756,-148607723.89411804,-20652982.714600302
191,383.04945054945057,-148193534.74931195,-23209400.21854216,-147815348.83753964,-23172313.615341596,-148229101.1976518,-23214970.474594608
192,385.05494505494505,-147770848.35253108,-25763857.963691346,-147411172.5625744,-25641247.498725947,-147806313.3561357,-25770041.289602626
193,387.06043956043953,-147304133.34801456,-28310639.31793741,-146982039.85115325,-28109006.534691088,-147339486.3400181,-28317433.871373717
194,389.0659340659341,-146793528.7943933,-30848985.462890435,-146526096.9229366,-30579022.14292056,-146828759.24130395,-30856389.219401523
195,391.07142857142856,-146239186.82727355,-33378140.093447074,-146040597.42575008,-33054161.313891154,-146274284.23211208,-33386150.847069502
196,393.0769230769231,-145641272.6139078,-35897349.64313362,-145522056.08549166,-35536534.7053159,-145676226.51933515,-35905965.00704797
197,395.0824175824176,-144999964.30398294,-38405863.50863199,-144966442.22525176,-38027344.98829575,-145034764.2954159,-38415080.915874064
198,397.08791208791206,-144315452.97654012,-40902934.273423955,-144369402.88950554,-40526783.49661893,-144350088.68525448,-40912750.97764957
199,399.0934065934066,-143587942.58304238,-43387817.93048507,-143726503.73919326,-43033980.67127382,-143622403.6892623,-43398231.00678839
200,401.0989010989011,-142817649.88660714,-45859774.10396284,-143033474.94098276,-45547012.93964771,-142851926.12257993,-45870780.449747786
201,403.1043956043956,-142004804.39742088,-48318066.26977359,-142286449.00898287,-48062965.67632446,-142038885.55047625,-48329662.605678335
202,405.1098901098901,-141149648.3043565,-50761961.97505054,-141482177.98370707,-50578048.918551,-141183524.21994954,-50774144.84592455
203,407.1153846153846,-140252436.40281224,-53190733.05638029,-140618218.42854708,-53087759.712017246,-140286096.98754892,-53203498.83231381
204,409.1208791208791,-139313436.01879537,-55603655.8567601,-139693074.4303281,-55587082.489905275,-139346871.24343988,-55617000.73416572
205,411.1263736263736,-138332926.92927158,-58000011.441212766,-138706291.01719302,-58070716.871347934,-138366126.8317346,-58013931.44395865
206,413.13186813186815,-137311201.27880496,-60379085.81099511,-137658493.0360393,-60533320.81142333,-137344155.9671119,-60393576.791589744
207,415.1373626373626,-136248563.49251312,-62740170.11633473,-136551367.42359754,-62969756.220704794,-136281263.14775133,-62755227.75716265
208,417.1428571428571,-135145330.1853629,-65082560.86763364,-135387589.8066555,-65375324.041361436,-135177765.06460738,-65098180.68224187
209,419.14835164835165,-134001830.06783448,-67405560.14507414,-134170699.31874266,-67745976.32579666,-134033990.50705077,-67421737.47950897
210,421.15384615384613,-132818403.84798151,-69708475.80656521,-132904928.26627252,-70078494.08319409,-132850280.26490504,-69725205.84075879
211,423.15934065934067,-131595404.12991633,-71990621.69396791,-131594995.67110229,-72370621.47444336,-131626987.0269075,-72007899.44317447
212,425.16483516483515,-130333195.30875103,-74251317.83753714,-130245875.63177225,-74621149.2504976,-130364475.27562514,-74269138.15381815
213,427.1703296703297,-129032153.46202514,-76489890.65852036,-128862552.78076294,-76829943.02054039,-129063121.17885602,-76508248.2322784
214,429.1758241758242,-127692666.23765272,-78705673.16985114,-127449777.79917161,-78997914.86169577,-127723312.47754976,-78724562.5314119
215,431.18131868131866,-126315132.73842181,-80898005.17487979,-126011835.94697958,-81126939.78628847,-126345448.37027904,-80917420.69612175
216,433.1868131868132,-124899963.40308098,-83066233.4640799,-124552340.87673676,-83219721.50653943,-124929939.39429772,-83086169.36011128
217,435.1923076923077,-123447579.88404852,-85209712.00967328,-123074064.65763055,-85279614.62503162,-123477207.30322069,-85230162.3405556
218,437.1978021978022,-121958414.92177989,-87327802.1581156,-121578813.01663509,-87310412.68973848,-121987684.94136111,-87348760.83063354
219,439.2032967032967,-120432912.2158324,-89419872.82038379,-120067352.40558194,-89316113.36235878,-120461816.1147642,-89441333.58986068
220,441.2087912087912,-118871526.2926636,-91485300.66001087,-118539392.75469384,-91300673.16217892,-118900055.45897384,-91507257.13216928
221,443.2142857142857,-117274722.3702045,-93523470.27881001,-116993626.82012376,-93267764.80032977,-117302868.30357334,-93545915.91167691
222,445.2197802197802,-115642976.21924697,-95533774.40023334,-115427824.03191458,-95220549.98182684,-115670730.5335396,-95556702.5060894
223,447.22527472527474,-113976774.02168684,-97515614.05031161,-113838973.85868804,-97161479.73246384,-114004128.44745204,-97539017.79768369
224,449.2307692307692,-112276612.2256652,-99468398.73611924,-112223471.07953182,-99092132.84796615,-112303558.61259936,-99492271.1518159
225,451.2362637362637,-110542997.39765057,-101391546.62171309,-110577333.13121732,-101013101.04121248,-110569527.71702601,-101415880.59290229
226,453.24175824175825,-108776446.0715065,-103284484.70149153,-108896437.997894,-102923926.88698488,-108802552.41856366,-103309272.97781989
227,455.24725274725273,-106977484.5945895,-105146648.97092237,-107176770.02096117,-104823097.86393018,-107003159.1908922,-105171884.16667539
228,457.25274725274727,-105146648.97092244,-106977484.59458941,-105414660.58668506,-106708096.81866722,-105171884.16667546,-107003159.19089212
229,459.25824175824175,-103284484.70149162,-108776446.07150641,-103607010.92059042,-108575506.18498848,-103309272.97781998,-108802552.41856357
230,461.26373626373623,-101391546.62171322,-110542997.39765045,-101751485.16630621,-110421160.44054678,-101415880.59290244,-110569527.71702588
231,463.2692307692308,-99468398.73611933,-112276612.22566512,-99846663.50209731,-112240338.72542563,-99492271.151816,-112303558.61259928
232,465.27472527472526,-97515614.0503117,-113976774.02168676,-97892147.16720553,-114027987.41722171,-97539017.79768378,-114004128.44745196
233,467.2802197802198,-95533774.40023337,-115642976.21924694,-95888609.82001191,-115778960.86864011,-95556702.50608943,-115670730.53353955
234,469.2857142857143,-93523470.27881005,-117274722.37020445,-93837792.49570085,-117488267.55036278,-93545915.91167697,-117302868.3035733
235,471.29120879120876,-91485300.66001096,-118871526.29266354,-91742442.42165792,-119151308.55517691,-91507257.13216937,-118900055.45897378
236,473.2967032967033,-89419872.82038388,-120432912.21583232,-89606198.92570241,-120764095.82423833,-89441333.58986077,-120461816.11476412
237,475.3021978021978,-87327802.1581157,-121958414.92177981,-87433432.47757317,-122323438.53144269,-87348760.83063366,-121987684.94136104
238,477.3076923076923,-85209712.00967339,-123447579.88404845,-85229045.38911574,-123827087.75015841,-85230162.34055571,-123477207.30322061
239,479.3131868131868,-83066233.46408,-124899963.40308094,-82998244.73157617,-125273831.73853143,-83086169.36011139,-124929939.39429767
240,481.31868131868134,-80898005.17487994,-126315132.73842171,-80746299.5014968,-126663536.79790346,-80917420.6961219,-126345448.37027892
241,483.3241758241758,-78705673.16985129,-127692666.23765261,-78478294.90182419,-127997131.54475507,-78724562.53141205,-127723312.47754966
242,485.3296703296703,-76489890.6585205,-129032153.46202503,-76198896.7576862,-129276535.43696842,-76508248.23227856,-129063121.17885591
243,487.33516483516485,-74251317.83753724,-130333195.30875096,-73912138.54878029,-130504535.35100123,-74269138.15381825,-130364475.27562505
244,489.34065934065933,-71990621.69396801,-131595404.12991627,-71621242.34093365,-131684616.76103944,-72007899.44317457,-131626987.02690744
245,491.34615384615387,-69708475.80656537,-132818403.84798144,-69328483.10174581,-132820758.47829477,-69725205.84075895,-132850280.26490495
246,493.35164835164835,-67405560.14507431,-134001830.0678344,-67035103.584637344,-133917201.8406923,-67421737.47950913,-134033990.50705068
247,495.35714285714283,-65082560.86763386,-135145330.18536282,-64741284.28407994,-134978206.59780627,-65098180.68224209,-135177765.0646073
248,497.3626373626374,-62740170.116334826,-136248563.49251306,-62446170.04447965,-136007806.4412162,-62755227.75716274,-136281263.14775127
249,499.36813186813185,-60379085.81099521,-137311201.2788049,-60147951.900971666,-137009577.14907184,-60393576.791589856,-137344155.9671118
250,501.3736263736264,-58000011.44121282,-138332926.92927155,-57843999.80155983,-137986429.6445884,-58013931.44395871,-138366126.83173457
251,503.3791208791209,-55603655.856760144,-139313436.01879534,-55531039.16191448,-138940438.94691718,-55617000.734165765,-139346871.24343985
252,505.38461538461536,-53190733.05638038,-140252436.4028122,-53205361.87977663,-139872718.0894192,-53203498.83231392,-140286096.9875489
253,507.3901098901099,-50761961.975050636,-141149648.30435643,-50863060.6085838,-140783343.6957344,-50774144.845924646,-141183524.21994948
254,509.3956043956044,-48318066.2697737,-142004804.39742085,-48500273.85650335,-141671337.16464055,-48329662.60567845,-142038885.55047622
255,511.4010989010989,-45859774.10396294,-142817649.8866071,-46113428.90295567,-142534702.4657884,-45870780.4497479,-142851926.1225799
256,513.4065934065934,-43387817.93048518,-143587942.58304235,-43699469.64036565,-143370518.54635695,-43398231.0067885,-143622403.68926227
257,515.4120879120879,-40902934.273424126,-144315452.97654006,-41256057.248162076,-144175081.45267493,-40912750.97764975,-144350088.68525442
258,517.4175824175824,-38405863.50863217,-144999964.3039829,-38781733.04657938,-144944088.6344715,-38415080.91587425,-145034764.29541588
259,519.4230769230769,-35897349.64313379,-145641272.61390775,-36276034.88320161,-145672855.662443,-35905965.00704815,-145676226.5193351
260,521.4285714285714,-33378140.09344719,-146239186.82727355,-33739560.86910405,-146356553.87087435,-33386150.84706962,-146274284.23211208
261,523.434065934066,-30848985.462890543,-146793528.79439327,-31173977.073231146,-146990456.3272784,-30856389.219401635,-146828759.24130392
262,525.4395604395604,-28310639.31793759,-147304133.34801453,-28581968.755264495,-147570179.08926943,-28317433.8713739,-147339486.34001806
263,527.445054945055,-25763857.96369152,-147770848.35253105,-25967137.71111745,-148091904.9585781,-25770041.289602805,-147806313.35613567
264,529.4505494505495,-23209400.2185422,-148193534.74931195,-23333851.16257418,-148552577.87002248,-23214970.474594645,-148229101.1976518
265,531.4560439560439,-20648027.18807541,-148572066.59813446,-20687050.191972006,-148950057.6101531,-20652982.714600552,-148607723.894118
266,533.4615384615385,-18080502.038298536,-148906331.1147081,-18032027.867946837,-149283226.66364536,-18084841.35878773,-148942068.63417563
267,535.467032967033,-15507589.768255498,-149196228.70427892,-15374188.815395528,-149552043.52377924,-15511311.589799877,-149232035.79916793
268,537.4725274725274,-12930056.98209305,-149441672.99130395,-12718802.96670507,-149757539.6419375,-12933160.195768762,-149477538.99282187
269,539.478021978022,-10348671.660648776,-149642590.84518713,-10070766.539821712,-149901760.17944196,-10351155.341847338,-149678505.06698996
270,541.4835164835165,-7764202.932631475,-149798922.4020684,-7434382.905497827,-149987651.70477882,-7766066.341335309,-149834874.1434449
271,543.489010989011,-5177420.845456185,-149910621.0826606,-4813174.951380413,-150018902.79233006,-5178663.426459093,-149946599.63172042
272,545.4945054945055,-2589096.1358084045,-149977653.6061274,-2209738.880447414,-149999745.97596353,-2589717.5188810085,-150013648.24299288
273,547.5,-2.7554552980815446e-08,-150000000.0,374352.8158263847,-149934731.55982533,-3.335762067151055e-08,-150036000.0
274,549.5054945054945,2589096.1358082164,-149977653.6061274,2938594.0767305475,-149828485.28076625,2589717.5188808087,-150013648.24299288
275,551.510989010989,5177420.84545613,-149910621.0826606,5483531.430897906,-149685462.67291203,5178663.426459034,-149946599.63172042
276,553.5164835164835,7764202.932631288,-149798922.40206844,8010694.340270513,-149509713.15954664,7766066.341335118,-149834874.14344493
277,555.521978021978,10348671.66064872,-149642590.84518716,10522473.435156565,-149304666.3814709,10351155.341847278,-149678505.06699
278,557.5274725274725,12930056.982092729,-149441672.99130398,13021953.109201062,-149072952.09167597,12933160.195768422,-149477538.9928219
279,559.532967032967,15507589.768255444,-149196228.70427892,15512707.363202214,-148816263.16607583,15511311.589799821,-149232035.79916793
280,561.5384615384615,18080502.03829835,-148906331.11470813,17998569.73545348,-148535268.99356055,18084841.35878754,-148942068.63417566
281,563.5439560439561,20648027.188075226,-148572066.5981345,20483389.530376654,-148229583.83700988,20652982.714600366,-148607723.89411804
282,565.5494505494505,23209400.218542017,-148193534.749312,22970787.28372755,-147897791.84180748,23214970.47459446,-148229101.19765186
283,567.554945054945,25763857.963691335,-147770848.35253108,25463922.443127554,-147537527.36439642,25770041.28960262,-147806313.3561357
284,569.5604395604396,28310639.317937404,-147304133.34801456,27965285.594907295,-147145606.3598099,28317433.87137371,-147339486.3400181
285,571.565934065934,30848985.46289036,-146793528.7943933,30476526.26663971,-146718201.85944757,30856389.21940145,-146828759.24130395
286,573.5714285714286,33378140.093447134,-146239186.82727355,32998325.448258854,-146251054.2322343,33386150.847069554,-146274284.2321121
287,575.5769230769231,35897349.6431336,-145641272.6139078,35530319.60338409,-145739705.07766584,35905965.00704795,-145676226.51933515
288,577.5824175824175,38405863.50863198,-144999964.30398297,38071080.212108634,-145179742.34593737,38415080.91587405,-145034764.29541594
289,579.5879120879121,40902934.27342395,-144315452.97654012,40618149.94185309,-144567043.68481794,40912750.97764957,-144350088.68525448
290,581.5934065934066,43387817.93048513,-143587942.58304238,43168133.540082514,-143898005.10675886,43398231.00678845,-143622403.6892623
291,583.5989010989011,45859774.10396288,-142817649.88660714,45716838.64094956,-143169742.8479301,45870780.44974784,-142851926.12257993
292,585.6043956043956,48318066.26977351,-142004804.3974209,48259459.03114047,-142380257.7122016,48329662.60567825,-142038885.55047628
293,587.6098901098901,50761961.975050464,-141149648.30435652,50790790.668696456,-141528553.1821592,50774144.845924474,-141183524.21994957
294,589.6153846153846,53190733.05638033,-140252436.4028122,53305469.01176833,-140614701.03059307,53203498.832313865,-140286096.9875489
295,591.6208791208791,55603655.856759965,-139313436.01879543,55798215.08421313,-139639850.94953975,55617000.73416558,-139346871.24343994
296,593.6263736263736,58000011.44121276,-138332926.92927158,58264077.24159909,-138606183.68228295,58013931.44395864,-138366126.8317346
297,595.6318681318681,60379085.81099504,-137311201.278805,60698655.829097055,-137516810.13933945,60393576.79158968,-137344155.96711192
298,597.6373626373627,62740170.11633478,-136248563.4925131,63098298.82984791,-136375621.84350756,62755227.757162705,-136281263.1477513
299,599.6428571428571,65082560.867633566,-135145330.18536294,65460258.140565746,-135187100.62969378,65098180.68224179,-135177765.06460744
300,601.6483516483516,67405560.14507413,-134001830.06783448,67782798.19884695,-133956097.68559062,67421737.47950894,-134033990.50705077
301,603.6538461538462,69708475.8065652,-132818403.84798151,70065251.21315901,-132687593.6448251,69725205.84075877,-132850280.26490504
302,605.6593406593406,71990621.69396785,-131595404.12991636,72308016.077854,-131386452.44871342,72007899.44317439,-131626987.02690753
303,607.6648351648352,74251317.83753708,-130333195.30875106,74512501.0416081,-130057182.02299982,74269138.15381809,-130364475.27562517
304,609.6703296703297,76489890.65852033,-129032153.46202514,76681013.18013375,-128703714.45439643,76508248.23227838,-129063121.17885602
305,611.6758241758241,78705673.16985102,-127692666.23765278,78816600.54466583,-127329217.31755988,78724562.53141178,-127723312.47754982
306,613.6813186813187,80898005.17487977,-126315132.73842181,80922855.36704269,-125935946.15117292,80917420.69612174,-126345448.37027904
307,615.6868131868132,83066233.46407995,-124899963.40308096,83003688.76710503,-124525145.89964719,83086169.36011133,-124929939.39429769
308,617.6923076923077,85209712.00967334,-123447579.88404849,85063088.91915649,-123097006.54032812,85230162.34055567,-123477207.30322066
309,619.6978021978022,87327802.15811555,-121958414.92177992,87104875.51121289,-121650675.24266666,87348760.83063349,-121987684.94136114
310,621.7032967032967,89419872.82038373,-120432912.21583243,89132463.52723508,-120184324.40798219,89441333.58986062,-120461816.11476423
311,623.7087912087912,91485300.66001092,-118871526.29266357,91148648.8880654,-118695271.97513932,91507257.13216932,-118900055.45897381
312,625.7142857142857,93523470.2788099,-117274722.37020457,93155427.32758635,-117180147.60583979,93545915.91167681,-117302868.30357341
313,627.7197802197802,95533774.40023333,-115642976.21924697,95153856.11817095,-115635095.93024406,95556702.50608937,-115670730.5335396
314,629.7252747252747,97515614.05031157,-113976774.02168688,97143965.98723647,-114056006.06831275,97539017.79768364,-114004128.44745208
315,631.7307692307692,99468398.7361192,-112276612.22566524,99124727.90516011,-112438755.24878956,99492271.15181586,-112303558.6125994
316,633.7362637362637,101391546.62171304,-110542997.39765061,101094076.5150675,-110779453.60004821,101415880.59290226,-110569527.71702605
317,635.7417582417582,103284484.70149152,-108776446.0715065,103048988.97138461,-109074677.12472098,103309272.97781987,-108802552.41856366
318,637.7472527472528,105146648.97092235,-106977484.5945895,104985615.01579921,-107321676.496437,105171884.16667537,-107003159.1908922
319,639.7527472527472,106977484.59458937,-105146648.9709225,106899451.40222655,-105518550.59889644,107003159.19089207,-105171884.16667552
320,641.7582417582418,108776446.07150637,-103284484.70149167,108785551.4305786,-103664375.59692898,108802552.41856353,-103309272.97782002
321,643.7637362637363,110542997.39765048,-101391546.62171319,110638758.48731567,-101759282.68699117,110569527.71702592,-101415880.5929024
322,645.7692307692307,112276612.22566503,-99468398.73611943,112453951.21762604,-99804480.39573544,112303558.61259918,-99492271.15181611
323,647.7747252747253,113976774.02168676,-97515614.05031171,114226287.33715484,-97802220.23552781,114004128.44745196,-97539017.79768379
324,649.7802197802198,115642976.21924694,-95533774.40023337,115951433.16318487,-95755707.52920802,115670730.53353956,-95556702.50608943
325,651.7857142857143,117274722.37020445,-93523470.27881005,117625766.70226605,-93668962.12369291,117302868.3035733,-93545915.91167697
326,653.7912087912088,118871526.29266351,-91485300.66001096,119246543.53332357,-91546636.36908585,118900055.45897375,-91507257.13216938
327,655.7967032967033,120432912.21583231,-89419872.82038388,120812016.69792482,-89393800.00585681,120461816.11476411,-89441333.58986077
328,657.8021978021978,121958414.92177989,-87327802.1581156,122321504.2480424,-87215703.35725568,121987684.94136111,-87348760.83063355
329,659.8076923076923,123447579.88404837,-85209712.0096735,123775400.87699799,-85017531.37438075,123477207.30322054,-85230162.34055585
330,661.8131868131868,124899963.40308093,-83066233.46408,125175133.02415562,-82804161.56623971,124929939.39429766,-83086169.3601114
331,663.8186813186813,126315132.73842171,-80898005.17487994,126523059.84112045,-80579938.64101744,126345448.37027892,-80917420.69612192
332,665.8241758241758,127692666.23765261,-78705673.1698513,127822325.27778503,-78348477.798504,127723312.47754966,-78724562.53141207
333,667.8296703296703,129032153.46202503,-76489890.65852052,129076669.13830471,-76112507.0942714,129063121.17885591,-76508248.23227857
334,669.8351648351648,130333195.30875096,-74251317.83753724,130290207.1325758,-73873757.22424564,130364475.27562505,-74269138.15381826
335,671.8406593406594,131595404.12991627,-71990621.69396803,131467191.59265576,-71632904.56369716,131626987.02690744,-72007899.44317459
336,673.8461538461538,132818403.84798144,-69708475.80656537,132611765.54864928,-69389570.47069106,132850280.26490495,-69725205.84075895
337,675.8516483516484,134001830.0678344,-67405560.14507432,133727723.21052349,-67142376.88045606,134033990.5070507,-67421737.47950915
338,677.8571428571429,135145330.18536285,-65082560.86763375,134818289.56245443,-64889055.232140414,135177765.06460732,-65098180.682241976
339,679.8626373626373,136248563.49251303,-62740170.11633495,135885930.7626612,-62626602.94132295,136281263.14775124,-62755227.75716288
340,681.8681318681319,137311201.2788049,-60379085.81099522,136932205.40800765,-60351479.11038396,137344155.96711183,-60393576.79158986
341,683.8736263736264,138332926.92927152,-58000011.441212945,137957664.55556795,-58059829.08812714,138366126.83173454,-58013931.443958834
342,685.8791208791208,139313436.01879528,-55603655.85676028,138961805.80777803,-55747725.96018208,139346871.2434398,-55617000.73416591
343,687.8846153846154,140252436.40281215,-53190733.05638052,139943083.90082863,-53411416.153867684,140286096.98754883,-53203498.83231405
344,689.8901098901099,141149648.30435643,-50761961.97505064,140898977.23962077,-51047556.12293237,141183524.21994948,-50774144.84592465
345,691.8956043956044,142004804.39742088,-48318066.26977358,141826106.85579214,-48653427.550508015,142038885.55047625,-48329662.60567832
346,693.9010989010989,142817649.88660708,-45859774.10396308,142720401.4853394,-46227119.647628546,142851926.12257987,-45870780.44974803
347,695.9065934065934,143587942.58304235,-43387817.93048519,143577300.01662967,-43767668.86938116,143622403.68926227,-43398231.00678851
348,697.9120879120879,144315452.97654006,-40902934.27342414,144391980.57779303,-41275148.628663786,144350088.68525442,-40912750.97764976
349,699.9175824175824,144999964.3039829,-38405863.508632176,145159604.11971292,-38750704.238873966,145034764.29541588,-38415080.91587426
350,701.9230769230769,145641272.61390775,-35897349.6431338,145875559.5819847,-36196531.2210916,145676226.5193351,-35905965.00704815
351,703.9285714285714,146239186.82727352,-33378140.093447197,146535697.6450772,-33615798.1144046,146274284.23211205,-33386150.84706963
352,705.934065934066,146793528.79439327,-30848985.46289055,147136540.67695636,-31012517.87075069,146828759.24130392,-30856389.219401643
353,707.9395604395604,147304133.34801453,-28310639.317937598,147675457.7445423,-28391374.641949352,147339486.34001806,-28317433.871373914
354,709.945054945055,147770848.35253105,-25763857.96369153,148150795.41263968,-25757515.131926008,147806313.35613567,-25770041.28960282
355,711.9505494505495,148193534.74931195,-23209400.218542214,148561957.39719045,-23116315.566046726,148229101.19765177,-23214970.474594668
356,713.9560439560439,148572066.59813446,-20648027.188075423,148909428.85154575,-20473136.622368596,148607723.894118,-20652982.714600574
357,715.9615384615385,148906331.1147081,-18080502.038298544,149194744.00013757,-17833079.307899226,148942068.63417563,-18084841.358787745
358,717.967032967033,149196228.7042789,-15507589.76825564,149420398.83778518,-15200754.712820692,149232035.7991679,-15511311.589800026
359,719.9725274725274,149441672.99130395,-12930056.982093059,149589713.5256168,-12580079.839696057,149477538.99282187,-12933160.195768762
360,721.978021978022,149642590.84518713,-10348671.660648918,149706651.78176445,-9974110.32200752,149678505.06698996,-10351155.341847487
361,723.9835164835165,149798922.4020684,-7764202.932631484,149775606.8451812,-7384918.890247628,149834874.1434449,-7766066.3413353255
362,725.989010989011,149910621.0826606,-5177420.845456194,149801165.3632125,-4813526.017957775,149946599.63172042,-5178663.4264591085
363,727.9945054945055,149977653.6061274,-2589096.1358084134,149787861.72396266,-2259886.4131932287,150013648.24299288,-2589717.5188810085
364,730.0,150000000.0,-3.6739403974420596e-08,149739935.86096168,277067.9403796723,150036000.0,-3.356289114073894e-08
